start_station, departure_time, time
calle100,10,594
calle100,10,581.9723011146515
calle100,10,562.3291086782426
calle100,10,594.9623092092296
calle100,10,582.2047758361126
calle100,10,591.4894519665746
calle100,10,600.5144751142774
calle100,10,579.308302911826
calle100,10,583.3543816167452
calle100,10,626.336916525305
calle100,10,544.619077829195
calle100,10,627.8439481315894
calle100,10,580.802895815686
calle100,10,600.9306414619809
calle100,10,593.8757803900012
calle100,10,603.7522977176604
calle100,10,629.9810562042372
calle100,10,596.4279917068533
calle100,10,613.089222759599
calle100,10,590.2050030777532
calle100,10,655.978201894052
calle100,15,341
calle100,15,356.2787396698256
calle100,15,348.22217879218346
calle100,15,350.4632112645471
calle100,15,360.40300958680314
calle100,15,346.6954210407838
calle100,15,383.4012845656433
calle100,15,356.81537803283607
calle100,15,369.2824906055231
calle100,15,334.0712611755957
calle100,15,336.427524017845
calle100,15,357.5161831854047
calle100,15,378.65332703093753
calle100,15,378.0493049680428
calle100,15,330.09128437348073
calle100,15,351.665026353756
calle100,15,327.95838944870184
calle100,15,321.86889812531166
calle100,15,364.85060461758803
calle100,15,300.81651625846087
calle100,15,356.09022338117063
calle100,120,318
calle100,120,324.3277938767698
calle100,120,292.2315508683027
calle100,120,306.33532751657367
calle100,120,290.49171474122164
calle100,120,303.5064743880823
calle100,120,312.5327215252719
calle100,120,355.3847230455958
calle100,120,296.8215521933973
calle100,120,289.52033794786627
calle100,120,301.22052518434396
calle100,120,335.86952745086325
calle100,120,305.46099502173445
calle100,120,327.83142973432905
calle100,120,298.7592433049355
calle100,120,295.08719892979485
calle100,120,309.72133575113384
calle100,120,253.50007469936983
calle100,120,307.44569071926134
calle100,120,298.75295498839967
calle100,120,293.6972800666946
calle100,101,367
calle100,101,352.31880324435815
calle100,101,329.4840455184437
calle100,101,369.61873062031333
calle100,101,365.4472131520859
calle100,101,363.7762453030721
calle100,101,404.81727202892125
calle100,101,416.6750287677652
calle100,101,373.1969652799864
calle100,101,387.35834954445676
calle100,101,320.34347226807654
calle100,101,309.3841459559488
calle100,101,378.8958886160597
calle100,101,385.3559768862337
calle100,101,365.84375990091326
calle100,101,335.8794691961966
calle100,101,372.61121965304153
calle100,101,368.2708572388185
calle100,101,336.1262166047887
calle100,101,372.50406356702604
calle100,101,348.06500338083515
calle100,43,427
calle100,43,433.82671875820154
calle100,43,418.33122091209685
calle100,43,425.95562280627615
calle100,43,422.42680559973826
calle100,43,427.11880593729666
calle100,43,428.13561817682137
calle100,43,462.54564906813835
calle100,43,454.4110252462941
calle100,43,456.32176865506653
calle100,43,409.4461957260247
calle100,43,435.65202167599807
calle100,43,432.06949560662827
calle100,43,421.6616426931922
calle100,43,445.6507663420693
calle100,43,400.93676870441857
calle100,43,456.39150054153293
calle100,43,425.7511211045672
calle100,43,443.30498194637886
calle100,43,375.30329992268355
calle100,43,414.7584205480306
calle100,110,1374
calle100,110,1301.844058325361
calle100,110,1413.8632840299622
calle100,110,1364.4816408441504
calle100,110,1347.2611245194933
calle100,110,1407.581764949577
calle100,110,1357.347914795806
calle100,110,1361.434026174932
calle100,110,1347.2902049595994
calle100,110,1379.7612768803824
calle100,110,1323.7389140145096
calle100,110,1408.6199227087545
calle100,110,1386.1390052801469
calle100,110,1409.2696522919432
calle100,110,1388.2389396879078
calle100,110,1418.6027237280332
calle100,110,1379.1201017199294
calle100,110,1351.6672500924878
calle100,110,1366.9264354117556
calle100,110,1360.5538694665986
calle100,110,1374.7223472368396
calle100,108,344
calle100,108,340.2142957225039
calle100,108,342.8824217836443
calle100,108,362.24302319719175
calle100,108,304.2668133014712
calle100,108,368.0566140290147
calle100,108,360.64553404047433
calle100,108,335.31774265649483
calle100,108,354.4681365553807
calle100,108,342.30747309768014
calle100,108,341.4699475938486
calle100,108,312.7261517142933
calle100,108,335.1888660851438
calle100,108,343.41051515392024
calle100,108,340.86579639883564
calle100,108,339.30054300772116
calle100,108,316.24316937432116
calle100,108,361.01793227207764
calle100,108,315.1156314061813
calle100,108,366.2279560920978
calle100,108,374.9848995039833
calle100,85,384
calle100,85,419.4548289962694
calle100,85,366.93442056282447
calle100,85,351.9234445416323
calle100,85,364.2644660908444
calle100,85,353.0616132648095
calle100,85,372.6295863667503
calle100,85,350.7533022004498
calle100,85,426.55557242514897
calle100,85,389.4352632153337
calle100,85,430.4079168140482
calle100,85,400.51569734873556
calle100,85,396.8037077982044
calle100,85,403.3293235395023
calle100,85,363.80343917272194
calle100,85,422.31069686535284
calle100,85,362.8268175218859
calle100,85,403.77349781031717
calle100,85,345.4934831558878
calle100,85,427.13464521862375
calle100,85,432.0445447324767
calle100,90,242
calle100,90,221.77420612947847
calle100,90,269.51349462348173
calle100,90,256.0684768200158
calle100,90,244.24403193212356
calle100,90,252.96314688445108
calle100,90,225.2188629726452
calle100,90,253.87619797607647
calle100,90,204.3196460113262
calle100,90,270.72183389402073
calle100,90,236.1358594321973
calle100,90,215.5447972506838
calle100,90,285.31743432174983
calle100,90,278.3443838035163
calle100,90,284.30687535396544
calle100,90,243.8983941657447
calle100,90,249.019818424461
calle100,90,195.94977653949326
calle100,90,306.7460676161396
calle100,90,244.50653001317517
calle100,90,222.70723023962412
calle100,92,368
calle100,92,379.92570756224984
calle100,92,395.6095286163774
calle100,92,359.2239119750946
calle100,92,321.3815938820019
calle100,92,372.1201957511495
calle100,92,370.5633882490754
calle100,92,365.8982871489014
calle100,92,358.58099838542864
calle100,92,341.3216638125272
calle100,92,420.00576590641674
calle100,92,357.72167680816716
calle100,92,355.9834096517801
calle100,92,358.8793261625436
calle100,92,355.39567508671394
calle100,92,365.73417588068344
calle100,92,379.6105252967523
calle100,92,417.3450555294544
calle100,92,367.21924977799006
calle100,92,335.12832245098264
calle100,92,379.91273931923763
calle100,101,489
calle100,101,528.398592432754
calle100,101,483.29425417955787
calle100,101,490.6597259349983
calle100,101,511.0700620022625
calle100,101,469.6967853162969
calle100,101,465.9477156664213
calle100,101,453.27513871578304
calle100,101,512.8319244961917
calle100,101,502.1408587826813
calle100,101,495.5960302766156
calle100,101,494.0888839312169
calle100,101,454.9007788676014
calle100,101,445.0100493992441
calle100,101,512.4428915096873
calle100,101,520.7350769928181
calle100,101,473.5034851098247
calle100,101,489.84794682371404
calle100,101,494.79107467875764
calle100,101,457.3315080103447
calle100,101,500.51238628923903
calle100,139,299
calle100,139,318.9543608509027
calle100,139,272.11902310308125
calle100,139,327.1856890802417
calle100,139,316.5586912111455
calle100,139,296.4478334904381
calle100,139,272.48533869691806
calle100,139,294.3318343344476
calle100,139,324.44098999638464
calle100,139,289.14686041560435
calle100,139,327.61126454546957
calle100,139,295.83716283917437
calle100,139,313.9643023284912
calle100,139,355.1279020317835
calle100,139,316.13327871017646
calle100,139,303.36518571228584
calle100,139,314.57772229291436
calle100,139,312.4126128018198
calle100,139,276.13649241833645
calle100,139,298.6194865182383
calle100,139,290.57378922338
calle100,162,299
calle100,162,265.3612356245132
calle100,162,256.73163617695013
calle100,162,293.9258910177775
calle100,162,286.9336964667977
calle100,162,340.5084108128512
calle100,162,281.74244286352916
calle100,162,307.29389617418997
calle100,162,332.9876806391919
calle100,162,292.9175718013552
calle100,162,299.87844859555753
calle100,162,280.0402558435021
calle100,162,295.6939738732954
calle100,162,292.1030493514958
calle100,162,305.3811065165925
calle100,162,296.5399619273006
calle100,162,257.7659735684908
calle100,162,320.59756443840604
calle100,162,312.6039684750282
calle100,162,272.4240287940644
calle100,162,295.8567959960634
calle100,226,361
calle100,226,373.3883749073634
calle100,226,310.5511533126665
calle100,226,387.95393217104174
calle100,226,333.0658539650154
calle100,226,355.9487092273897
calle100,226,311.4535350097158
calle100,226,325.73031989783345
calle100,226,361.2605048966379
calle100,226,400.6405372544259
calle100,226,324.4728245977163
calle100,226,342.6028363485254
calle100,226,353.5439486849666
calle100,226,387.0610007892815
calle100,226,369.2771860301129
calle100,226,305.9492237083038
calle100,226,381.9136087628822
calle100,226,347.9824489864276
calle100,226,362.5005493495002
calle100,226,307.88865131575
calle100,226,352.8098479086493
calle100,256,324
calle100,256,323.6958869465725
calle100,256,338.29723611603674
calle100,256,324.29284301026
calle100,256,325.96407545512375
calle100,256,313.71533942134505
calle100,256,338.453316763835
calle100,256,333.6976368878239
calle100,256,328.3185433933937
calle100,256,347.14051824132025
calle100,256,302.7224435538132
calle100,256,329.3482353178716
calle100,256,302.3369329059353
calle100,256,297.9547691496783
calle100,256,285.23715245217534
calle100,256,327.7104955253138
calle100,256,304.3178927219663
calle100,256,325.6576986184483
calle100,256,369.37602943032334
calle100,256,329.25765949425534
calle100,256,343.4975642679107
calle100,266,238
calle100,266,217.831965887501
calle100,266,265.80249867362994
calle100,266,258.3237554677109
calle100,266,215.10802024902185
calle100,266,251.27174256348695
calle100,266,216.9695714958759
calle100,266,279.21945847532
calle100,266,235.68195896376187
calle100,266,213.73710105127023
calle100,266,243.82487036027206
calle100,266,202.9361408739541
calle100,266,237.6308621690664
calle100,266,225.47863485749684
calle100,266,255.19302034900298
calle100,266,240.45160523803688
calle100,266,207.67786651354496
calle100,266,270.2342545354815
calle100,266,191.38543772614815
calle100,266,287.30491884065583
calle100,266,257.4354416105737
calle100,266,221
calle100,266,192.76626384452803
calle100,266,224.20465965351858
calle100,266,206.37389511050273
calle100,266,197.31511001910312
calle100,266,247.0726650534942
calle100,266,229.74769888786918
calle100,266,208.95838486620025
calle100,266,204.64652127464134
calle100,266,177.3744211454691
calle100,266,238.56710815053052
calle100,266,259.4858485430497
calle100,266,267.7238015337187
calle100,266,223.08988095037327
calle100,266,242.263701743065
calle100,266,253.4830690171367
calle100,266,204.6834780672845
calle100,266,228.850711265019
calle100,266,231.1264561063642
calle100,266,234.7192835750313
calle100,266,190.31134958669602
calle100,289,302
calle100,289,306.22312662634334
calle100,289,297.73678216488963
calle100,289,307.2769337395878
calle100,289,259.4233189508365
calle100,289,309.32800711957645
calle100,289,284.50131980197415
calle100,289,314.58032297822587
calle100,289,291.8521308032626
calle100,289,263.8241131309994
calle100,289,334.8771635261287
calle100,289,343.58809318295283
calle100,289,289.3996102957441
calle100,289,289.15476095776415
calle100,289,275.99690165820545
calle100,289,297.41974198212944
calle100,289,309.5279557351042
calle100,289,303.87757366703045
calle100,289,319.7341658950056
calle100,289,269.9296190581763
calle100,289,287.8049040603673
calle100,291,344
calle100,291,350.8743386949663
calle100,291,332.40020657978164
calle100,291,327.221301585706
calle100,291,374.9083528696345
calle100,291,337.710390281895
calle100,291,368.8177991000338
calle100,291,355.71229763043965
calle100,291,376.28508023752056
calle100,291,359.8635693476827
calle100,291,365.6437809961761
calle100,291,348.5236679072678
calle100,291,373.71802865723663
calle100,291,326.3942299996868
calle100,291,340.58640457944205
calle100,291,355.0126003656423
calle100,291,317.74046904265924
calle100,291,323.9506742017074
calle100,291,321.9084279053924
calle100,291,326.41229023614187
calle100,291,334.0492585207657
calle100,296,966
calle100,296,965.2457751579777
calle100,296,987.010014593896
calle100,296,985.9148973693874
calle100,296,1012.408760478682
calle100,296,1005.2371563842382
calle100,296,923.2742047929803
calle100,296,931.1083381329004
calle100,296,970.1800179144863
calle100,296,974.6556362741894
calle100,296,947.4772287035939
calle100,296,951.4797259659167
calle100,296,996.9872938720309
calle100,296,950.0720131275342
calle100,296,957.4889006931265
calle100,296,974.530674825565
calle100,296,986.3523181426016
calle100,296,988.1351403534354
calle100,296,958.2046042779807
calle100,296,986.7447364602453
calle100,296,963.5160099292613
calle100,351,242
calle100,351,264.8123265533456
calle100,351,243.68006958780407
calle100,351,267.57474086332917
calle100,351,236.20382744735463
calle100,351,276.14378232031237
calle100,351,195.78790121540146
calle100,351,196.47433121284905
calle100,351,255.514911054962
calle100,351,262.831988209473
calle100,351,198.3416015948719
calle100,351,258.4234451609781
calle100,351,200.42086862338593
calle100,351,221.12900346377302
calle100,351,244.26784333305594
calle100,351,245.71740444740584
calle100,351,233.50227914921294
calle100,351,270.5323587786787
calle100,351,245.59522548387594
calle100,351,247.98644566620487
calle100,351,184.84726095093032
calle100,368,335
calle100,368,333.64607994676925
calle100,368,387.3488560433433
calle100,368,371.14108793617214
calle100,368,366.9095663874027
calle100,368,325.45666110264614
calle100,368,366.4569640935907
calle100,368,317.5126552260462
calle100,368,366.1964901626469
calle100,368,337.80916738405494
calle100,368,300.9025273993871
calle100,368,367.75843328566583
calle100,368,364.0436982134286
calle100,368,310.92991144657583
calle100,368,343.90042835441574
calle100,368,312.21946959309486
calle100,368,306.30225830752187
calle100,368,330.92725964404923
calle100,368,371.3645432816728
calle100,368,321.34306283215943
calle100,368,307.75191777990585
calle100,372,1054
calle100,372,1064.110124549901
calle100,372,1069.8754393914337
calle100,372,1071.5794237630994
calle100,372,1084.474734974113
calle100,372,1073.1743381686924
calle100,372,1018.0539144079879
calle100,372,1091.6619080871496
calle100,372,1022.4046828573781
calle100,372,1105.4391725817193
calle100,372,1038.2589756951154
calle100,372,1028.8427240612587
calle100,372,1034.9558972032858
calle100,372,1048.3348278500366
calle100,372,1040.7657393997242
calle100,372,1041.21073076179
calle100,372,1056.9956110844564
calle100,372,1034.2372931882376
calle100,372,1065.1098486681835
calle100,372,1040.7418409271397
calle100,372,1102.6734641357857
calle100,452,1186
calle100,452,1165.8219634004242
calle100,452,1205.5913562018593
calle100,452,1199.199563067733
calle100,452,1165.8895269613774
calle100,452,1171.7580335649893
calle100,452,1200.8736227295624
calle100,452,1208.1392146526862
calle100,452,1175.6705523986163
calle100,452,1148.6538272620983
calle100,452,1159.4399401098888
calle100,452,1168.907618082497
calle100,452,1177.651404640361
calle100,452,1223.665045732996
calle100,452,1193.5056250938069
calle100,452,1199.6190598262424
calle100,452,1223.1120948529397
calle100,452,1231.0345113142341
calle100,452,1189.038131856554
calle100,452,1166.3619931268556
calle100,452,1173.802365048357
calle100,507,194
calle100,507,184.8490821907828
calle100,507,186.8862766938087
calle100,507,218.56002866208627
calle100,507,141.1144229008151
calle100,507,187.94706480468753
calle100,507,210.21184028496802
calle100,507,200.20746190870318
calle100,507,201.8007560660467
calle100,507,161.55154999256746
calle100,507,168.67876044694688
calle100,507,149.44682516721008
calle100,507,204.34396971485634
calle100,507,209.82344991163976
calle100,507,204.34650357480578
calle100,507,201.78130373412418
calle100,507,184.0466916363595
calle100,507,180.21680342133345
calle100,507,190.5733784862478
calle100,507,184.22361480485057
calle100,507,183.0618142605271
calle100,517,687
calle100,517,713.7722669680621
calle100,517,646.2997164575954
calle100,517,722.5583500264607
calle100,517,706.8019753343359
calle100,517,692.7755375744997
calle100,517,690.9421259167974
calle100,517,679.7415657010247
calle100,517,650.9106668806901
calle100,517,692.2550021222976
calle100,517,715.6490565395744
calle100,517,717.6558951172124
calle100,517,678.3046148933089
calle100,517,701.6154540204435
calle100,517,683.6785889314468
calle100,517,703.114843970317
calle100,517,699.0090428227434
calle100,517,656.2902722400493
calle100,517,710.0583641573079
calle100,517,677.4109808584275
calle100,517,695.4683735300247
heroes,41,139
heroes,41,127.48617302432879
heroes,41,105.0894947128246
heroes,41,103.24076973259184
heroes,41,191.8494570729253
heroes,41,171.14559982099556
heroes,41,146.66531715131237
heroes,41,133.3533744801727
heroes,41,144.570887228351
heroes,41,171.95458761916728
heroes,41,134.970367684559
heroes,41,173.5980761043122
heroes,41,171.9580467181215
heroes,41,144.05284346970234
heroes,41,116.4583974263932
heroes,41,194.3036473367618
heroes,41,150.03594147758815
heroes,41,174.9435110642166
heroes,41,114.01481180521765
heroes,41,122.0245467522237
heroes,41,153.81182437228233
heroes,66,117
heroes,66,116.78717144761269
heroes,66,119.78024682817858
heroes,66,89.84079368959495
heroes,66,118.85538031351047
heroes,66,115.78081928004657
heroes,66,121.98720636127786
heroes,66,122.53475096244816
heroes,66,63.328576666259785
heroes,66,145.07469614723948
heroes,66,133.5353219903775
heroes,66,118.77082405698329
heroes,66,130.51522444336203
heroes,66,124.72040593444373
heroes,66,148.67457087893246
heroes,66,113.5816819171544
heroes,66,121.90310442827007
heroes,66,113.38085016756885
heroes,66,97.10486625696632
heroes,66,78.35999809374093
heroes,66,108.86342515053425
heroes,180,132
heroes,180,134.94231364772372
heroes,180,179.74166939876
heroes,180,124.9261616215146
heroes,180,120.72954621659235
heroes,180,154.21755451246148
heroes,180,158.42729178803958
heroes,180,151.86201838691323
heroes,180,138.79278549121145
heroes,180,213.84003516905398
heroes,180,141.17371297681052
heroes,180,107.51372584189816
heroes,180,172.89372135334847
heroes,180,153.1463908539772
heroes,180,96.4582796474168
heroes,180,125.73785684507813
heroes,180,127.44177675657743
heroes,180,132.09150413717583
heroes,180,143.3199742809661
heroes,180,98.01883216260072
heroes,180,102.25157194370139
heroes,189,305
heroes,189,307.3826109648013
heroes,189,283.1545607143282
heroes,189,295.7416448303409
heroes,189,307.44328895305966
heroes,189,336.29299759836556
heroes,189,321.14570807487115
heroes,189,331.5694353333577
heroes,189,314.125342402596
heroes,189,278.9479062029867
heroes,189,287.2771462485687
heroes,189,294.1516663463739
heroes,189,334.19665112440026
heroes,189,309.9680902402437
heroes,189,306.9501523205371
heroes,189,287.0105973425961
heroes,189,336.1376586638803
heroes,189,297.06521779720674
heroes,189,284.45205362290824
heroes,189,314.40483112357606
heroes,189,313.1519521734132
heroes,190,202
heroes,190,212.56737878124142
heroes,190,184.3606133318777
heroes,190,212.60831906579463
heroes,190,210.91144508686097
heroes,190,201.56550212278017
heroes,190,158.8975420321242
heroes,190,193.46501302900552
heroes,190,183.05449845484543
heroes,190,207.88738119560878
heroes,190,199.36490950381594
heroes,190,181.3582691207758
heroes,190,226.05015012791156
heroes,190,158.820841781454
heroes,190,201.94292834514357
heroes,190,244.28355605672334
heroes,190,187.1496898597711
heroes,190,182.2599116770085
heroes,190,202.22760020440882
heroes,190,204.49662778441285
heroes,190,181.96407275492672
heroes,205,287
heroes,205,258.86439284122633
heroes,205,325.3073195916493
heroes,205,299.5310939706835
heroes,205,245.35898580787375
heroes,205,322.95985857944
heroes,205,299.1485738856569
heroes,205,289.37084621808106
heroes,205,263.85972402593353
heroes,205,272.2917209619295
heroes,205,232.52191083081257
heroes,205,302.99775757635086
heroes,205,269.0949619356482
heroes,205,311.8087993565567
heroes,205,293.96229916750997
heroes,205,263.09683253620824
heroes,205,279.0434467789607
heroes,205,293.00042850925405
heroes,205,247.9723067678999
heroes,205,295.39306054438964
heroes,205,284.8870475259914
heroes,213,266
heroes,213,278.5244618443575
heroes,213,280.82208286654827
heroes,213,269.53034995523865
heroes,213,220.46387521098123
heroes,213,267.56901810863735
heroes,213,286.7919574940034
heroes,213,269.4125998019734
heroes,213,266.97363089895066
heroes,213,230.32338874291258
heroes,213,274.50477936383743
heroes,213,311.9631529470113
heroes,213,216.2723785715782
heroes,213,244.91336226364552
heroes,213,262.732788921908
heroes,213,299.3636919536704
heroes,213,290.12688498064176
heroes,213,280.9309503888577
heroes,213,253.63216843838472
heroes,213,260.76934899685574
heroes,213,260.05170797409676
heroes,214,236
heroes,214,191.54170940477
heroes,214,257.4203061340278
heroes,214,213.44587315114794
heroes,214,204.26740912187523
heroes,214,213.68108368232447
heroes,214,245.20577790183043
heroes,214,181.59438328966428
heroes,214,243.00103653215464
heroes,214,217.37123045183736
heroes,214,201.96932171083864
heroes,214,243.72059660451094
heroes,214,208.4907449842772
heroes,214,255.8772743097097
heroes,214,270.1731758376495
heroes,214,267.28488825411677
heroes,214,225.83525789118545
heroes,214,252.61233464114528
heroes,214,244.593991199658
heroes,214,220.6084569852795
heroes,214,256.1953496012327
heroes,219,142
heroes,219,152.41071366251504
heroes,219,151.44053198001328
heroes,219,132.14709376115576
heroes,219,129.86562837738958
heroes,219,128.73228458332684
heroes,219,179.56924891157496
heroes,219,107.88058510750507
heroes,219,128.32038241478625
heroes,219,157.5005606235039
heroes,219,168.4234692576872
heroes,219,205.9001891099278
heroes,219,100.64289342000045
heroes,219,123.98050497122927
heroes,219,111.75786864283793
heroes,219,153.3831079119199
heroes,219,182.5431282406715
heroes,219,154.84624228350617
heroes,219,144.1571741307619
heroes,219,119.97692966508423
heroes,219,90.23651282479054
heroes,273,220
heroes,273,232.54323180251833
heroes,273,247.06836334907803
heroes,273,204.73546520003748
heroes,273,212.60707119816786
heroes,273,241.28378301147947
heroes,273,176.64789477269426
heroes,273,186.19595036278568
heroes,273,264.0702411844935
heroes,273,254.09892677807522
heroes,273,250.92264369142634
heroes,273,221.62085583782437
heroes,273,217.38376454600396
heroes,273,223.90320784565264
heroes,273,187.34353421174973
heroes,273,257.54692676743997
heroes,273,255.45808789776893
heroes,273,207.9193877713742
heroes,273,230.9243872027749
heroes,273,222.89965346817138
heroes,273,205.91325986339305
heroes,282,225
heroes,282,157.47180687858133
heroes,282,201.69665260417847
heroes,282,221.04411173054237
heroes,282,247.7577175404607
heroes,282,221.9172209299455
heroes,282,201.68803195687968
heroes,282,214.0956989433196
heroes,282,214.89633033588166
heroes,282,169.62056904637785
heroes,282,203.7735739687345
heroes,282,233.13019236091424
heroes,282,233.10221354285324
heroes,282,245.92833343506243
heroes,282,227.7662585554419
heroes,282,248.42154004849024
heroes,282,230.75315221140048
heroes,282,247.00826908274755
heroes,282,255.48495120483355
heroes,282,209.51061377184226
heroes,282,178.8287894642961
heroes,287,343
heroes,287,341.808800511167
heroes,287,330.4293033711847
heroes,287,365.55311294328834
heroes,287,314.126385402894
heroes,287,362.1693765141687
heroes,287,318.2036156958631
heroes,287,365.072282054655
heroes,287,299.5838371875198
heroes,287,357.9462114137452
heroes,287,330.05523206592875
heroes,287,362.87179782273836
heroes,287,327.20395006161516
heroes,287,341.5911121442405
heroes,287,361.466906671075
heroes,287,340.08310402974575
heroes,287,316.86239980638607
heroes,287,332.46117597570986
heroes,287,368.05974161735105
heroes,287,332.9013815235206
heroes,287,350.57322590695395
heroes,374,129
heroes,374,114.37006315853368
heroes,374,127.1632804243588
heroes,374,148.7369203081613
heroes,374,134.87238628423785
heroes,374,144.5777945095847
heroes,374,144.47708703668715
heroes,374,140.25398407121733
heroes,374,103.47465553636296
heroes,374,111.93470120450915
heroes,374,165.28337115382675
heroes,374,164.4314530716333
heroes,374,102.70185382581508
heroes,374,139.09793617764998
heroes,374,127.34744159786685
heroes,374,132.04285949564644
heroes,374,145.05345448809004
heroes,374,178.37108875461837
heroes,374,127.84657432688834
heroes,374,178.08264959533756
heroes,374,105.2628059232537
heroes,391,112
heroes,391,70.70647825284001
heroes,391,66.28310647791639
heroes,391,134.59039114625136
heroes,391,122.86484780828164
heroes,391,96.43507248451452
heroes,391,100.76059396543084
heroes,391,107.42115946626316
heroes,391,114.03569759316093
heroes,391,100.70675744180325
heroes,391,141.8331923134771
heroes,391,100.1076321855049
heroes,391,78.6331858262115
heroes,391,123.88982473151776
heroes,391,123.83823188111312
heroes,391,92.98127562249685
heroes,391,96.84338316720718
heroes,391,136.30930991723244
heroes,391,116.42471545326262
heroes,391,125.80239620551309
heroes,391,123.7418847486422
heroes,405,82
heroes,405,92.29380195504446
heroes,405,74.05917257915635
heroes,405,65.97399999616621
heroes,405,60.40500652919368
heroes,405,73.9079673608512
heroes,405,77.77521661199043
heroes,405,53.330743058152585
heroes,405,129.63870407704124
heroes,405,67.50476803775399
heroes,405,97.24336630987486
heroes,405,92.37716700381306
heroes,405,94.60431234575958
heroes,405,81.97860949641178
heroes,405,150.39732863678566
heroes,405,68.24155822831457
heroes,405,95.5831894509562
heroes,405,110.62106123733656
heroes,405,98.6602210368743
heroes,405,100.08717845534301
heroes,405,85.03701074781588
heroes,405,180
heroes,405,183.4902128718249
heroes,405,208.89398836138932
heroes,405,167.06977659522988
heroes,405,152.17000852832612
heroes,405,214.65853482836167
heroes,405,232.77792339983642
heroes,405,184.64637112572572
heroes,405,191.5616826933796
heroes,405,151.25810779395016
heroes,405,188.81649725371278
heroes,405,155.9941245802669
heroes,405,214.36366485302244
heroes,405,197.44384811508522
heroes,405,181.8396051320686
heroes,405,192.6013330073934
heroes,405,153.81586276872414
heroes,405,138.6017821150153
heroes,405,149.6853530297627
heroes,405,184.18009915049532
heroes,405,149.26907595634947
heroes,407,94
heroes,407,86.97266711107152
heroes,407,99.41816864047252
heroes,407,99.18184268566188
heroes,407,117.1192135758385
heroes,407,127.95503318889992
heroes,407,63.57202904003131
heroes,407,88.03450691115556
heroes,407,130.24015380237324
heroes,407,51.07854995465312
heroes,407,95.60211621407099
heroes,407,112.86145109318451
heroes,407,84.13370290425465
heroes,407,91.23243391916843
heroes,407,100.24731489031487
heroes,407,87.35134710353259
heroes,407,34.31971941282405
heroes,407,108.29567850232641
heroes,407,62.686592063998674
heroes,407,83.96970035433289
heroes,407,97.34562204167871
heroes,407,187
heroes,407,210.87257075254115
heroes,407,191.3208899149742
heroes,407,211.14013032900718
heroes,407,194.90118225074815
heroes,407,205.8219297539514
heroes,407,196.94984103721987
heroes,407,188.30114744049783
heroes,407,155.0694028042654
heroes,407,183.46874301157126
heroes,407,209.1299155461212
heroes,407,167.21682102932712
heroes,407,176.61282494957646
heroes,407,226.6214174309115
heroes,407,162.00980675431992
heroes,407,155.56651760464663
heroes,407,172.97938957830348
heroes,407,202.41998303262324
heroes,407,184.96581495560167
heroes,407,188.71370437704834
heroes,407,197.41567688872198
heroes,410,100
heroes,410,112.37489309763947
heroes,410,113.31063230080116
heroes,410,83.3746379927758
heroes,410,129.28092284710354
heroes,410,129.07272617078542
heroes,410,107.1191684405402
heroes,410,124.5767647678915
heroes,410,97.98102706339236
heroes,410,88.64976185883377
heroes,410,65.60880031690418
heroes,410,110.25230187428522
heroes,410,93.72914107219994
heroes,410,128.03684128735316
heroes,410,80.24170401946674
heroes,410,115.45493083243444
heroes,410,163.02716419837935
heroes,410,77.61215199440844
heroes,410,93.57261922692051
heroes,410,151.95791194640063
heroes,410,86.8995437191179
heroes,413,159
heroes,413,154.43167788001844
heroes,413,177.6477177683578
heroes,413,153.90707146120337
heroes,413,140.0574328071137
heroes,413,157.52608226572758
heroes,413,183.96810553247934
heroes,413,181.52657154394709
heroes,413,161.3659694708479
heroes,413,217.586172061942
heroes,413,149.80480069007987
heroes,413,137.04825817276918
heroes,413,161.4858341655218
heroes,413,186.0030648997875
heroes,413,105.92824838486086
heroes,413,192.7910247528442
heroes,413,156.94545891275814
heroes,413,183.87388721824703
heroes,413,164.63650918788505
heroes,413,146.68940502517987
heroes,413,157.50503644630646
heroes,418,155
heroes,418,145.95799441437248
heroes,418,161.3665663132975
heroes,418,163.8971999727422
heroes,418,102.16255362812035
heroes,418,131.287019495651
heroes,418,138.38809685099008
heroes,418,122.85498816596257
heroes,418,174.5475916207049
heroes,418,117.83625534197296
heroes,418,182.42329513368594
heroes,418,144.03985565795497
heroes,418,155.0854177477635
heroes,418,149.00863927156533
heroes,418,138.45986720180292
heroes,418,134.70877383415606
heroes,418,154.09766379511132
heroes,418,134.43649587706756
heroes,418,157.4286493815414
heroes,418,157.79016211319663
heroes,418,155.65346040737919
heroes,475,130
heroes,475,133.84543440234228
heroes,475,136.64715736646946
heroes,475,82.4427798964619
heroes,475,140.74804120800894
heroes,475,114.68911170775743
heroes,475,125.18611501300735
heroes,475,148.14971981787326
heroes,475,184.8203565771223
heroes,475,162.66060236469275
heroes,475,121.22555871431702
heroes,475,134.8600054903266
heroes,475,149.0851337246952
heroes,475,131.79627494214049
heroes,475,134.82600692708087
heroes,475,160.4394396201032
heroes,475,143.84500484754167
heroes,475,133.3614780683093
heroes,475,137.50956869151213
heroes,475,37.12546797316793
heroes,475,143.6499501512939
heroes,480,119
heroes,480,119.96916243101872
heroes,480,133.41825932933335
heroes,480,82.71183137167472
heroes,480,139.1982452296514
heroes,480,115.27673075786896
heroes,480,104.95036637346696
heroes,480,106.63921724639877
heroes,480,89.14120363582666
heroes,480,163.87614869858854
heroes,480,140.66160887358254
heroes,480,93.50290205945178
heroes,480,120.18397788029739
heroes,480,113.83013236728428
heroes,480,146.8760460922102
heroes,480,138.2820648617834
heroes,480,75.77624618295104
heroes,480,130.11427569446914
heroes,480,113.15589637099829
heroes,480,82.85087319392157
heroes,480,135.8594094826127
heroes,528,200
heroes,528,203.86303283739184
heroes,528,195.06231926412428
heroes,528,209.46231369743697
heroes,528,192.77049805794607
heroes,528,202.76933627190826
heroes,528,201.2804190786953
heroes,528,194.17163321310016
heroes,528,191.74497474350537
heroes,528,166.47673279138635
heroes,528,225.05007269483332
heroes,528,161.56149955089242
heroes,528,205.5003694929114
heroes,528,217.91791352539968
heroes,528,202.8638077978318
heroes,528,183.4469720228281
heroes,528,194.8612196725816
heroes,528,217.29318623186776
heroes,528,207.16088665937022
heroes,528,198.7456930813985
heroes,528,203.15985629523936
heroes,609,147
heroes,609,133.83706766124155
heroes,609,107.94047914834394
heroes,609,124.72377798833784
heroes,609,89.83175135719816
heroes,609,180.01898092061467
heroes,609,144.61249865982828
heroes,609,174.58962986369605
heroes,609,136.48607915722587
heroes,609,114.04161012596995
heroes,609,152.5182400452421
heroes,609,103.85192095675792
heroes,609,173.38885994607182
heroes,609,98.40563088043122
heroes,609,120.49741331358463
heroes,609,163.71584885225204
heroes,609,119.88023272028126
heroes,609,184.5443610161681
heroes,609,138.92963404872955
heroes,609,130.99788189566158
heroes,609,133.43385796078377
heroes,610,185
heroes,610,191.19605086115632
heroes,610,174.8025932205311
heroes,610,174.06697630263423
heroes,610,209.74312798365415
heroes,610,180.4140704440823
heroes,610,167.86684481105328
heroes,610,173.07021752588471
heroes,610,203.89673532967626
heroes,610,150.44553741583866
heroes,610,181.14681572204174
heroes,610,167.09396617328156
heroes,610,175.29777718618843
heroes,610,168.16766534834437
heroes,610,195.99553439434484
heroes,610,128.36522056315886
heroes,610,208.3098508684577
heroes,610,199.00630159461682
heroes,610,164.64584010786905
heroes,610,179.11119058959457
heroes,610,127.9964831563643
heroes,613,149
heroes,613,219.03201125714634
heroes,613,132.55126431935685
heroes,613,201.30085153398792
heroes,613,114.58982850727196
heroes,613,173.35595876423525
heroes,613,163.6202093610246
heroes,613,142.7486652842805
heroes,613,168.98182697745423
heroes,613,155.7125568917273
heroes,613,139.8319820995684
heroes,613,119.59329174204994
heroes,613,177.14370473020514
heroes,613,125.04410682417576
heroes,613,137.94322022944084
heroes,613,139.33394699173618
heroes,613,185.50303172592004
heroes,613,173.37361667897812
heroes,613,165.40727536179278
heroes,613,148.70403656221117
heroes,613,151.85814137927335
heroes,613,159
heroes,613,182.64970374502386
heroes,613,147.80332057294606
heroes,613,170.22064043094838
heroes,613,193.26520964191928
heroes,613,183.8776210940398
heroes,613,180.4366831095995
heroes,613,141.68996108987557
heroes,613,157.95561733232267
heroes,613,186.07192744674455
heroes,613,148.77062616992546
heroes,613,158.72314567486418
heroes,613,137.42200293646835
heroes,613,167.3889621640506
heroes,613,171.18199921183543
heroes,613,175.7332402368661
heroes,613,150.02470718560377
heroes,613,177.38993192364185
heroes,613,150.3866099969781
heroes,613,120.49977826552792
heroes,613,190.76755155128404
heroes,644,76
heroes,644,38.208707714770476
heroes,644,126.76249087538491
heroes,644,102.09094892634005
heroes,644,89.14445429433985
heroes,644,109.422458896693
heroes,644,88.69146251567774
heroes,644,28.048260988553658
heroes,644,79.05299639311521
heroes,644,75.24060868645148
heroes,644,71.2715228148153
heroes,644,95.01695734361124
heroes,644,109.230666354605
heroes,644,57.78991713913375
heroes,644,66.08872567897009
heroes,644,51.28521289345798
heroes,644,75.23823980223418
heroes,644,65.61427480417396
heroes,644,43.997321688108165
heroes,644,132.15776367835835
heroes,644,100.17905753735253
